# ---------- USERS ----------

INSERT INTO USER(idUser,Email,Groupname,Name,Password,PublicCalendar,Surname,Username,Verificationkey,Verified)
VALUES (101,'alessiorossotti@mailinator.com','USERS','Alessio','5e884898da28047151d0e56f8dc6292773603d0d6aabbdd62a11ef721d1542d8',1,'Rossotti','ale888',null,1);

INSERT INTO USER(idUser,Email,Groupname,Name,Password,PublicCalendar,Surname,Username,Verificationkey,Verified)
VALUES (102,'paulpogba@mailinator.com','USERS','Paul','5e884898da28047151d0e56f8dc6292773603d0d6aabbdd62a11ef721d1542d8',1,'Pogba','polpopaul',null,1);

INSERT INTO USER(idUser,Email,Groupname,Name,Password,PublicCalendar,Surname,Username,Verificationkey,Verified)
VALUES (103,'vidal23@mailinator.com','USERS','Arturo','5e884898da28047151d0e56f8dc6292773603d0d6aabbdd62a11ef721d1542d8',1,'Vidal','vidal23',null,1);

INSERT INTO USER(idUser,Email,Groupname,Name,Password,PublicCalendar,Surname,Username,Verificationkey,Verified)
VALUES (104,'matteopasina@mailinator.com','USERS','Matteo','5e884898da28047151d0e56f8dc6292773603d0d6aabbdd62a11ef721d1542d8',1,'Pasina','pasateo',null,1);

INSERT INTO USER(idUser,Email,Groupname,Name,Password,PublicCalendar,Surname,Username,Verificationkey,Verified)
VALUES (105,'simonerubiu@mailinator.com','USERS','Simone','5e884898da28047151d0e56f8dc6292773603d0d6aabbdd62a11ef721d1542d8',1,'Rubiu','roobew',null,1);

INSERT INTO USER(idUser,Email,Groupname,Name,Password,PublicCalendar,Surname,Username,Verificationkey,Verified)
VALUES (106,'giovannimuchacho@mailinator.com','USERS','Giovanni','5e884898da28047151d0e56f8dc6292773603d0d6aabbdd62a11ef721d1542d8',1,'Muchacho','giomuchacho',null,1);

INSERT INTO USER(idUser,Email,Groupname,Name,Password,PublicCalendar,Surname,Username,Verificationkey,Verified)
VALUES (107,'aidayespica@mailinator.com','USERS','Aida','5e884898da28047151d0e56f8dc6292773603d0d6aabbdd62a11ef721d1542d8',1,'Yespica','yespica',null,1);

INSERT INTO USER(idUser,Email,Groupname,Name,Password,PublicCalendar,Surname,Username,Verificationkey,Verified)
VALUES (108,'fedebuffa@mailinator.com','USERS','Federico','5e884898da28047151d0e56f8dc6292773603d0d6aabbdd62a11ef721d1542d8',1,'Buffa','fedebuffon',null,1);

INSERT INTO USER(idUser,Email,Groupname,Name,Password,PublicCalendar,Surname,Username,Verificationkey,Verified)
VALUES (109,'fedenargi@mailinator.com','USERS','Federica','5e884898da28047151d0e56f8dc6292773603d0d6aabbdd62a11ef721d1542d8',1,'Nargi','nargi',null,1);

INSERT INTO USER(idUser,Email,Groupname,Name,Password,PublicCalendar,Surname,Username,Verificationkey,Verified)
VALUES (110,'stevej@mailinator.com','USERS','Steve','5e884898da28047151d0e56f8dc6292773603d0d6aabbdd62a11ef721d1542d8',1,'Jobs','stevejobs',null,1);

INSERT INTO USER(idUser,Email,Groupname,Name,Password,PublicCalendar,Surname,Username,Verificationkey,Verified)
VALUES (111,'kasparov@mailinator.com','USERS','Garri','5e884898da28047151d0e56f8dc6292773603d0d6aabbdd62a11ef721d1542d8',1,'Kasparov','kasparov',null,1);

# ---------- LOCATIONS ----------

INSERT INTO LOCATION(idLocation,Address,City,Latitude,Longitude,State)
VALUES (212,'Viale Romagna','Milan',45.474297, 9.223977,'Italy');

INSERT INTO LOCATION(idLocation,Address,City,Latitude,Longitude,State)
VALUES (213,'Westside Ave','Los Angeles',34.016206, -118.327051,'United States');

INSERT INTO LOCATION(idLocation,Address,City,Latitude,Longitude,State)
VALUES (214,'Infinite Loop','Cupertino',37.334095, -122.027508,'United States');

INSERT INTO LOCATION(idLocation,Address,City,Latitude,Longitude,State)
VALUES (215,'Charleston Rd','Mountain View',37.420692, -118.327051,'United States');

INSERT INTO LOCATION(idLocation,Address,City,Latitude,Longitude,State)
VALUES (216,'Park Ave','New York',40.741416, -73.985256,'United States');

INSERT INTO LOCATION(idLocation,Address,City,Latitude,Longitude,State)
VALUES (217,'Valley Ave','Challis',44.503563, -114.227003,'United States');

INSERT INTO LOCATION(idLocation,Address,City,Latitude,Longitude,State)
VALUES (218,'Rue de Rivoli','Paris',48.860645, 2.341733,'France');

INSERT INTO LOCATION(idLocation,Address,City,Latitude,Longitude,State)
VALUES (219,'Stadhouderskade','Amsterdam',52.361403, 4.882401,'Netherlands');

INSERT INTO LOCATION(idLocation,Address,City,Latitude,Longitude,State)
VALUES (220,'Strelitzer Straße','Berlin',52.536931, 13.393703,'Germany');

INSERT INTO LOCATION(idLocation,Address,City,Latitude,Longitude,State)
VALUES (221,'Via dei Fori Imperiali','Rome',41.892478, 12.488579,'Italy');

INSERT INTO LOCATION(idLocation,Address,City,Latitude,Longitude,State)
VALUES (222,'Via Guglielmo Oberdan','Bari',41.117610, 16.883618,'Italy');

INSERT INTO LOCATION(idLocation,Address,City,Latitude,Longitude,State)
VALUES (223,'Takadanobaba','Tokyo',35.713375, 139.710019,'Japan');

INSERT INTO LOCATION(idLocation,Address,City,Latitude,Longitude,State)
VALUES (224,'Chancery Ln','London',51.516318, -0.112175,'United Kingdom');

INSERT INTO LOCATION(idLocation,Address,City,Latitude,Longitude,State)
VALUES (225,'W2 Norte','Brasilia',-15.747466, -47.895532,'Brasil');

INSERT INTO LOCATION(idLocation,Address,City,Latitude,Longitude,State)
VALUES (226,'Paseo de la Castellana','Madrid',40.449785, -3.690919,'Spain');

INSERT INTO LOCATION(idLocation,Address,City,Latitude,Longitude,State)
VALUES (227,'Campo Pequeno','Lisbona',38.741605, -9.144474,'Portugal');

INSERT INTO LOCATION(idLocation,Address,City,Latitude,Longitude,State)
VALUES (228,'Carrer de Verdi','Barcelona',41.410764, 2.150232,'Spain');

# ---------- EVENTS ----------

INSERT INTO EVENT(idEvent,Description,EndTime,Image,Name,Outdoor,Public,StartTime,idLocation,idOrganizer)
VALUES (313,'A chess tournament is a series of chess games',
       '2015-04-18 18:00:00','chess.png','Chess Tournament',0,1,'2015-04-16 12:00:00',220,111);

INSERT INTO EVENT(idEvent,Description,EndTime,Image,Name,Outdoor,Public,StartTime,idLocation,idOrganizer)
VALUES (314,'Football refers to a number of sports that involve, to varying degrees, kicking a ball with the foot to score a goal',
       '2015-05-01 16:00:00','soccer.png','Football Match',1,1,'2015-05-01 13:00:00',225,106);

INSERT INTO EVENT(idEvent,Description,EndTime,Image,Name,Outdoor,Public,StartTime,idLocation,idOrganizer)
VALUES (315,'A silent disco is an event where people dance to music listened to on wireless headphones. Rather than using a speaker system',
       '2015-02-21 06:00:00','silentdisco.png','Silent Disco',0,1,'2015-02-20 23:00:00',218,102);

INSERT INTO EVENT(idEvent,Description,EndTime,Image,Name,Outdoor,Public,StartTime,idLocation,idOrganizer)
VALUES (316,'A tour bus service is a bus service that takes visitors sightseeing, with routes around tourist attractions.',
       '2015-03-14 18:00:00','citytour.png','City Tour',1,1,'2015-03-14 15:00:00',224,107);

INSERT INTO EVENT(idEvent,Description,EndTime,Image,Name,Outdoor,Public,StartTime,idLocation,idOrganizer)
VALUES (317,'24 hours beach party in Barcelona',
       '2015-07-04 15:00:00','beachparty.png','Beach Party',1,1,'2015-07-03 15:00:00',228,109);

INSERT INTO EVENT(idEvent,Description,EndTime,Image,Name,Outdoor,Public,StartTime,idLocation,idOrganizer)
VALUES (318,'Happy hour, coktail and buffet',
       '2015-02-03 20:30:00','happyhour.png','Happy Hour',1,1,'2015-02-03 18:00:00',227,104);

INSERT INTO EVENT(idEvent,Description,EndTime,Image,Name,Outdoor,Public,StartTime,idLocation,idOrganizer)
VALUES (319,'A dinner with friends, with a fantastic Paella!',
       '2015-02-08 22:00:00','paella.png','Paella Party',0,1,'2015-02-08 20:30:00',226,101);

INSERT INTO EVENT(idEvent,Description,EndTime,Image,Name,Outdoor,Public,StartTime,idLocation,idOrganizer)
VALUES (320,'A dinner with coworkers',
       '2015-01-30 21:30:00','businessdinner.png','Business Dinner',0,0,'2015-01-30 20:00:00',213,104);

INSERT INTO EVENT(idEvent,Description,EndTime,Image,Name,Outdoor,Public,StartTime,idLocation,idOrganizer)
VALUES (321,'A meeting to decide the future of the company',
       '2015-01-28 11:30:00','applemeeting.png','Apple Meeting',0,0,'2015-01-28 8:30:00',214,110);

INSERT INTO EVENT(idEvent,Description,EndTime,Image,Name,Outdoor,Public,StartTime,idLocation,idOrganizer)
VALUES (322,'Vidal meets Google for testing a new prototype',
       '2015-01-27 17:30:00','vidgoogle.png','Vidal meets Google',1,1,'2015-01-27 15:00:00',215,103);

INSERT INTO EVENT(idEvent,Description,EndTime,Image,Name,Outdoor,Public,StartTime,idLocation,idOrganizer)
VALUES (323,'A trip for viewing the beautiful New York',
       '2015-01-31 18:30:00','newtrip.png','City Tour',1,1,'2015-01-31 13:00:00',216,105);

INSERT INTO EVENT(idEvent,Description,EndTime,Image,Name,Outdoor,Public,StartTime,idLocation,idOrganizer)
VALUES (324,'Special guest Federico Buffa, talks @ la casa dello studente, Politecnico',
       '2015-02-01 12:30:00','buffacasa.png','Buffa at Casa Dello Studente',0,1,'2015-02-01 10:30:00',212,108);

INSERT INTO EVENT(idEvent,Description,EndTime,Image,Name,Outdoor,Public,StartTime,idLocation,idOrganizer)
VALUES (325,'As every year, the two day reunion, with all family members',
         '2015-02-05 23:00:00','familyreunion.png','Annual Reunion',1,1,'2015-02-04 12:00:00',217,101);

# ---------- CALENDAR ----------

INSERT INTO CALENDAR(idEvent,idUser) VALUES (313,111);
INSERT INTO CALENDAR(idEvent,idUser) VALUES (314,106);
INSERT INTO CALENDAR(idEvent,idUser) VALUES (315,102);
INSERT INTO CALENDAR(idEvent,idUser) VALUES (316,107);
INSERT INTO CALENDAR(idEvent,idUser) VALUES (317,109);
INSERT INTO CALENDAR(idEvent,idUser) VALUES (318,104);
INSERT INTO CALENDAR(idEvent,idUser) VALUES (319,101);
INSERT INTO CALENDAR(idEvent,idUser) VALUES (320,104);
INSERT INTO CALENDAR(idEvent,idUser) VALUES (321,110);
INSERT INTO CALENDAR(idEvent,idUser) VALUES (322,103);
INSERT INTO CALENDAR(idEvent,idUser) VALUES (323,105);
INSERT INTO CALENDAR(idEvent,idUser) VALUES (324,108);
INSERT INTO CALENDAR(idEvent,idUser) VALUES (325,101);
